genres,main_genre,secondary_genre,hours_played
rap,rap,,4187.657623888890
hip hop,rap,,3636.0797080555600
trap,rap,,1841.2624922222200
pop rap,Rap,,1747.090661111110
rock,rock,,1120.9097877777800
conscious hip hop,rap,conscious hip hop,981.0836086111110
southern hip hop,rap,southern hip hop,925.5003005555560
atl hip hop,rap,atl hip hop,742.8892002777780
gangster rap,rap,,732.2802444444440
chicago rap,rap,chicago rap,680.0183633333330
classic rock,rock,classic rock,664.9633455555560
melodic rap,rap,melodic rap,663.6025594444440
underground hip hop,rap,,631.8036952777780
east coast hip hop,rap,east coast hip hop,617.4844913888890
album rock,rock,,506.3070480555560
,unkown,,445.3602247222220
west coast rap,rap,west coast rap,422.4065186111110
alternative rock,rock,alternative rock,380.7475713888890
permanent wave,rock,permanent wave,355.24537944444400
mellow gold,rock,mellow gold,349.78501027777800
soft rock,rock,soft rock,339.4430877777780
pop,,,317.4970108333330
canadian hip hop,rap,canadian hip hop,288.4355841666670
lo-fi beats,Focus,lofi,278.84279944444400
hardcore hip hop,rap,,260.2207852777780
hard rock,rock,hard rock,259.71608972222200
white noise,Focus,white noise,256.5969175
canadian pop,Pop,,236.9394186111110
lo-fi study,focus,Lofi,234.38221055555600
new orleans rap,rap,new orleans rap,233.5292488888890
dirty south rap,rap,dirty south rap,220.6608977777780
funk rock,rock,,210.57829583333300
funk metal,rock,,209.2004697222220
edm,,Dance,198.37951527777800
soul,,,193.89589055555600
philly rap,rap,philly rap,188.16440555555600
heartland rock,rock,heartland rock,185.49568416666700
singer-songwriter,rock,,183.49531944444400
psychedelic rock,rock,psychedelic rock,182.30040444444400
miami hip hop,rap,,181.99146555555600
political hip hop,rap,political hip hop,179.53337055555600
modern rock,indie,modern rock,177.4889922222220
pop dance,Edm,dance,166.9788088888890
g funk,rap,,164.07209722222200
dance pop,edm,dance,161.41831833333300
r&b,,,158.44914444444400
chillhop,Focus,lofi,158.32022666666700
psychedelic hip hop,rap,,147.64161166666700
neo soul,r&b,funk,140.74766861111100
atl trap,rap,,139.44643333333300
yacht rock,rock,,136.71324083333300
british invasion,rock,british invasion,135.4624677777780
folk rock,,folk,135.01356722222200
electro house,edm,,132.22591555555600
alternative r&b,r&b,,132.17102277777800
alternative hip hop,rap,alternative hip hop,128.47327361111100
indie soul,Indie,,125.30318083333300
rage rap,rap,,120.1064711111110
lgbtq+ hip hop,r&b,,118.98603555555600
queens hip hop,rap,,115.22558527777800
funk,Funk ,funk,115.1370838888890
slap house,,,115.076715
alternative metal,rock,,114.9381413888890
detroit hip hop,rap,,110.85238694444400
reggae,,,106.8733286111110
pittsburgh rap,rap,,106.16936722222200
classic soul,Soul,,105.96691166666700
drill,rap,,101.4608086111110
indietronica,Indie,dance,100.703485
dark trap,rap,,98.28941333333330
trap latino,rap,,97.44815722222220
art rock,rock,,97.06025222222220
indie rock,Indie,,93.0988213888889
florida rap,Rap,,92.97579694444440
indie hip hop,rap,,92.91188833333330
disco,,dance,92.79239277777780
roots reggae,reggae,,92.35721194444440
country rock,,,90.33947333333330
florida drill,rap,,85.68718861111110
motown,Soul,,85.1176375
quiet storm,soul,,82.17230194444440
north carolina hip hop,rap,,81.33014777777780
symphonic rock,rock,,80.51010111111110
ohio hip hop,rap,,79.3682825
color noise,Focus,White noise,79.27576194444440
progressive rock,rock,,78.10408777777780
progressive house,edm,,77.38733972222220
glam rock,rock,,75.24178111111110
grunge,rock,grunge,74.33306861111110
neo-psychedelic,Indie,,73.90550583333330
reggae fusion,reggae,,70.27303388888890
cloud rap,rap,,67.27685666666670
post-grunge,rock,,64.77857777777780
brostep,Edm,,63.233490555555600
merseybeat,rock,,63.09377138888890
blues rock,rock,,60.70272472222220
folk,,folk,60.13892527777780
southern rock,rock,,57.85643666666670
house,edm,,57.77449611111110
uk dance,edm,,56.5465125
lo-fi jazzhop,Focus,lofi,56.20164555555560
piano rock,rock,,54.31476444444440
golden age hip hop,rap,,53.49474166666670
progressive electro house,edm,,52.972635833333300
stomp and holler,indie,,51.446255
old school hip hop,rap,,49.61863722222220
urban contemporary,r&b,,47.553777777777800
glam metal,rock,,45.91272
canadian contemporary r&b,r&b,,45.170605555555600
alternative dance,indie,runk,44.72927694444440
tennessee hip hop,rap,,44.203674166666700
cali rap,rap,,43.63193722222220
memphis hip hop,rap,,43.2745675
nu metal,rock,,42.441872777777800
neo mellow,indie,,42.16950472222220
tropical house,edm,,42.01701888888890
plugg,rap,,41.90972416666670
deep tropical house,edm,dance,40.82160722222220
jazz rap,rap,,40.728545833333300
japanese chillhop,Focus,lofi,39.925449444444400
contemporary country,country,,39.53635583333330
neo-synthpop,indie,dance,39.07223611111110
country,,,38.30600472222220
old school atlanta hip hop,rap,,38.18319972222220
chamber pop,indie,,37.99729527777780
mississippi hip hop,rap,,37.427750555555600
escape room,,dance,36.366410277777800
dutch house,edm,,35.663000555555600
indie pop rap,rap,,35.42039222222220
pov: indie,indie,,35.34930333333330
southern soul,soul,,34.569137777777800
new rave,edm,,34.37053138888890
jazz boom bap,,focus,33.39219972222220
trap soul,r&b,,33.285494166666700
dfw rap,pop,,33.028575833333300
baton rouge rap,rap,,32.79074416666670
nyc rap,rap,,32.68252972222220
country road,country,,32.586508333333300
classical,Focus,classical,32.50934861111110
jazz funk,,Funk,32.03935111111110
jam band,Rock,folk,31.96090111111110
filter house,Edm,dance,31.189660833333300
acid rock,rock,,30.166618888888900
emo rap,Rap,,29.742202777777800
uk pop,pop,,28.61739972222220
binaural,focus,Binaural,27.909955833333300
instrumental hip hop,focus,lofi,27.82427361111110
modern alternative rock,indie,,27.50132111111110
indie folk,Indie,folk,27.345039166666700
northern soul,soul,,27.252423333333300
roots rock,rock,folk,27.115711944444400
australian reggae fusion,Indie,,27.103415277777800
canadian electronic,focus,,26.647882222222200
adult standards,soul,,26.528411666666700
dance-punk,indie,dance,26.200734722222200
proto-metal,rock,,26.11745861111110
new jersey rap,rap,,25.981568888888900
australian surf rock,indie,,25.947596666666700
pop rock,pop,,25.879966944444400
pop soul,pop,,25.833153888888900
electronica,Indie,dance,24.8799425
focus beats,focus,lofi,24.63494972222220
pluggnb,Rap,,24.577964722222200
art pop,indie,,24.393753888888900
metal,rock,,24.12758722222220
baroque pop,indie,Dance,23.92602972222220
shimmer pop,indie,,23.467647777777800
electric blues,rock,,23.131119722222200
electronic trap,edm,,22.960518611111100
rap metal,rock,,22.375405555555600
virginia hip hop,rap,,21.981266944444400
modern country rock,Country,,21.918036944444400
dinner jazz,focus,jazz,21.871816111111100
folk-pop,indie,,21.67682388888890
vocal jazz,soul,,21.36953972222220
canadian trap,rap,,20.738214444444400
crunk,rap,,20.597255277777800
latin pop,pop,,20.221571666666700
new wave pop,pop,,20.10694833333330
electro,edm,,20.038129722222200
pop edm,edm,,19.810108333333300
background music,focus,,19.626305
electropop,indie,,19.562222777777800
vapor twitch,focus,,19.398113333333300
hip pop,rap,,19.253509722222200
swedish indie pop,indie,,19.057765833333300
portland hip hop,rap,,19.047520833333300
new romantic,rock,,19.015245277777800
p funk,soul,,18.846719166666700
philly soul,sou,,18.72605777777780
harlem hip hop,rap,,18.445656944444400
complextro,focus,,18.373756944444400
classic canadian rock,fock,,18.3689725
melancholia,rock,,18.337290833333300
australian dance,indie,,18.33354
boy band,indie,,18.29376583333330
pop r&b,pop,,17.973457222222200
moombahton,edm,,17.95221972222220
sudanese pop,rap,,17.466713055555600
viral trap,rap,,17.46205388888890
sudanese hip hop,rap,,17.3905225
rain,focus,,17.347269166666700
hawaiian hip hop,rap,,17.33965
dancehall,reggae,,16.79531777777780
anime lo-fi,focus,,16.78347527777780
glitch hop,edm,,16.753878055555600
drumless hip hop,rap,,16.574431666666700
afrofuturism,r&b,,16.40919138888890
reggaeton,pop,,16.394086666666700
big room,edm,Dance,16.07762333333330
dance rock,Indie,dance,15.836219166666700
compositional ambient,focus,,15.609658055555600
baroque,indie,,15.35986861111110
uk reggae,reggae,,15.112181111111100
spacegrunge,rock,,15.102287777777800
memphis soul,soul,,15.078632222222200
background piano,focus,,14.822104166666700
singer-songwriter pop,pop,,14.819204166666700
old school thrash,rock,metal,14.806641388888900
beatlesque,soul,,14.796741944444400
early music,Focus,classical,14.700061666666700
thrash metal,rock,metal,14.694374722222200
new wave,,,14.671819444444400
rap rock,,,14.577199166666700
garage rock,rock,,14.569237777777800
urbano latino,pop,,14.440528333333300
cosmic american,rock,,14.298546944444400
downtempo,focus,,14.238228611111100
psychedelic soul,soul,,13.815277777777800
chicago drill,rap,,13.73851111111110
indie pop,indie,,13.707826944444400
afrobeat,soul,,13.615762222222200
filthstep,edm,,13.574550555555600
smooth jazz,focus,,13.571684444444400
swamp rock,rock,,13.449410833333300
lovers rock,reggae,,13.374184166666700
la indie,indie,,13.274447777777800
modern folk rock,indie,,13.1737475
bronx hip hop,rap,,13.172084166666700
contemporary r&b,r&b,,13.040166388888900
colombian pop,pop,,12.95751361111110
classic country pop,country,,12.922524444444400
swedish electropop,edm,,12.782646388888900
focus,focus,,12.7643025
metropopolis,pop,,12.6322575
swedish synthpop,,,12.568946944444400
swedish alternative rock,,,12.4412375
soundtrack,focus,,12.300210277777800
new americana,indie,,12.281496666666700
detroit trap,rap,,12.273824166666700
experimental hip hop,,,12.2431625
dutch edm,edm,,12.119607222222200
modern blues rock,,,12.057903055555600
chicago bop,,,12.018315833333300
dubstep,edm,,11.969873611111100
orchestral soundtrack,focus,classical,11.874490833333300
future funk,focus,,11.822074722222200
reggae rock,reggae,,11.468579444444400
irish rock,rock,,11.365135555555600
brooklyn indie,indie,,11.265341944444400
soul jazz,soul,,11.241235833333300
canadian singer-songwriter,rock,,11.194364722222200
protopunk,rock,,11.124318333333300
bedroom pop,indie,,10.993638055555600
australian electropop,Indie,dance,10.961480833333300
lo-fi sleep,focus,lofi,10.921183055555600
deep underground hip hop,rap,,10.821193888888900
afropop,reggae,,10.788199444444400
blues,,,10.6195975
latin hip hop,,,10.550337777777800
german soundtrack,focus,Classical,10.485241666666700
seattle indie,,,10.470018611111100
rocksteady,reggae,,10.178806944444400
new french touch,edm,,10.174219444444400
supergroup,rock,,10.05927
indie poptimism,,,10.020037222222200
psychedelic trance,Edm,,9.998656666666670
canadian indie,,,9.922416944444450
scorecore,focus,,9.733243333333330
soul blues,,,9.613820277777780
jazztronica,edm,,9.411036666666670
acoustic pop,,,9.406070555555560
synthpop,,,9.36268
jazz,,,9.272178333333330
chillwave,edm,,9.237148888888890
australian rock,rock,,9.226189444444440
post-disco,disco,,9.221775
australian psych,,,9.149725277777780
indiana hip hop,,,9.129031944444440
deep euro house,edm,,9.067090833333330
sacramento hip hop,,,8.983603888888890
houston rap,,,8.975701388888890
chicago soul,,,8.893886111111110
noise pop,,,8.729713888888890
german baroque,focus,classical,8.712887777777780
new jack swing,rap,,8.692395277777780
future garage,edm,,8.569185
water,focus,,8.562013333333330
dub,edm,,8.54316888888889
neo-classical,focus,classical,8.419451666666670
livetronica,Edm,,8.396049722222220
british soul,,,8.350316388888890
battle rap,,,8.321586944444440
boston hip hop,,,8.260658055555560
british blues,Rock,,8.077377777777780
kentucky hip hop,,,7.888537777777780
sleep,focus,,7.674170833333330
progressive psytrance,edm,,7.6251677777777800
deep house,edm,,7.588826666666670
trance,em,,7.564978611111110
future bass,edm,,7.460178888888890
la pop,pop,,7.297554166666670
modern reggae,reggae,,7.2647975
future house,,,7.238147777777780
alt z,,,7.229627222222220
lounge,Soul,,7.169388055555560
oakland hip hop,,,7.160060555555560
jamtronica,,,7.136314166666670
puerto rican pop,,,7.132545277777780
power pop,,,7.09488
ambeat,,,7.064700277777780
classical era,focus,classical,6.968128888888890
jawaiian,reggae,,6.7760291666666700
chill guitar,focus,,6.6888025
sunshine pop,,,6.663533055555560
instrumental funk,,,6.599608611111110
jazz trumpet,,,6.584844722222220
bgm,,,6.517352222222220
german romanticism,,,6.5058847222222200
instrumental rock,,,6.49608
melodic house,,,6.488104444444450
trap queen,,,6.371664444444450
swedish pop,,,6.350141388888890
ocean,,,6.3183686111111100
outlaw country,,,6.3106655555555600
traditional soul,,,6.294551388888890
belgian edm,,,6.251105833333330
brain waves,,,6.224918055555560
early romantic era,,,6.177715555555560
trip hop,,,6.1303688888888900
minimal tech house,,,6.127616944444440
modern power pop,,,6.0523025
turntablism,,,6.036981388888890
christian hip hop,,,6.027879444444440
punk blues,,,5.877832777777780
lo-fi chill,,,5.845915833333330
wonky,,,5.821493611111110
minimal techno,,,5.800433888888890
jazz blues,,,5.788935555555560
dutch trance,,,5.7620169444444400
texas blues,,,5.6827322222222200
philly indie,,,5.529813888888890
japanese old school hip hop,,,5.434408333333330
ska,,,5.432054444444450
australian indie,,,5.386867777777780
minneapolis sound,,,5.371638611111110
chill out,,,5.350002222222220
dancehall queen,,,5.340716944444440
intelligent dance music,,,5.337659444444440
vapor soul,,,5.323739444444450
raboday,,,5.302955555555560
world,,,5.250720555555560
lo-fi indie,,,5.233741666666670
baltimore hip hop,,,5.228667777777780
german dance,,,5.209191666666670
gaming dubstep,,,5.146077777777780
hawaiian,,,5.120345833333330
fidget house,,,5.097473888888890
synth funk,,,5.062975833333330
uk contemporary r&b,,,5.0480583333333300
san diego rap,,,5.025104722222220
swing,,,4.971531111111110
australian pop,,,4.905676944444440
lo-fi rap,,,4.844981111111110
birmingham metal,,,4.808083888888890
modern hard rock,,,4.681424444444450
melbourne bounce,,,4.672321111111110
rock independant francais,,,4.647918333333330
dark techno,,,4.609089166666670
classic uk pop,,,4.580745555555560
rock-and-roll,,,4.562181388888890
late romantic era,,,4.560500277777780
aussietronica,,,4.556045277777780
arkansas hip hop,,,4.535596388888890
edmonton indie,,,4.506705277777780
uk alternative pop,,,4.499894722222220
uk hip hop,,,4.442328611111110
aesthetic rap,,,4.363045277777780
abstract beats,,,4.308362777777780
healing hz,,,4.282081111111110
british folk,,,4.252631388888890
oxford indie,,,4.241045277777780
sky room,,,4.2296325
portland indie,,,4.192404722222220
eau claire indie,,,4.190368611111110
belgian dance,,,4.0655075
hyphy,,,4.050017777777780
harlem renaissance,,,4.028831944444450
modern blues,,,4.006521111111110
washington indie,,,4.004947222222220
vallenato,,,4.001359444444450
jamaican ska,,,3.9971908333333300
austrian pop,,,3.982324166666670
italian baroque,,,3.9746627777777800
rap conscient,,,3.939568611111110
bay area indie,,,3.9238116666666700
indie anthem-folk,,,3.923111388888890
bedroom soul,,,3.922928333333330
grime,,,3.8807275
bass house,,,3.8754791666666700
jazz guitar,,,3.8738522222222200
nz reggae,,,3.872106666666670
punk,,,3.853924166666670
glitch,,,3.8410725
nu disco,,,3.8286563888888900
progressive trance,,,3.781741111111110
indie surf,,,3.7534591666666700
detroit rock,,,3.7413319444444400
chicago indie,,,3.6982280555555600
austindie,,,3.673373888888890
jazz fusion,,,3.639063888888890
countrygaze,,,3.598720277777780
danish pop,,,3.5790877777777800
trop rock,,,3.577791388888890
albuquerque indie,,,3.5728405555555600
lo-fi,,,3.5718822222222200
ottawa rap,,,3.565905
pop punk,,,3.552042222222220
early reggae,,,3.5507880555555600
new orleans jazz,,,3.5361780555555600
irish singer-songwriter,,,3.4504016666666700
post-romantic era,,,3.4386080555555600
viral pop,,,3.4080225
chicano rap,,,3.405530277777780
melbourne bounce international,,,3.397191388888890
rock drums,,,3.371371388888890
dixieland,,,3.2611291666666700
experimental r&b,,,3.2383047222222200
stoner rock,,,3.2341741666666700
dream pop,,,3.2292702777777800
bubblegum pop,,,3.2239166666666700
indonesian hip hop,,,3.214764722222220
souldies,,,3.213236111111110
st louis rap,,,3.2113155555555600
atlanta bass,,,3.1886638888888900
east coast reggae,,,3.1569719444444400
breakbeat,,,3.15282
uk americana,,,3.1468955555555600
abstract hip hop,,,3.1455175
korean r&b,,,3.140215
kiwi rock,,,3.1380327777777800
classic texas country,,,3.133543611111110
uk alternative hip hop,,,3.1215752777777800
native american traditional,,,3.1119411111111100
seattle hip hop,,,3.107618611111110
jazz pop,,,3.1053325
french indie pop,,,3.0976691666666700
cubaton,,,3.094266111111110
kansas city hip hop,,,3.0723527777777800
native american contemporary,,,3.068359722222220
madchester,,,3.056356666666670
finnish edm,,,2.986323611111110
new weird america,,,2.9573086111111100
girl group,,,2.945669166666670
bebop,,,2.9445169444444400
full on,,,2.914232222222220
afrobeats,,,2.897842777777780
britpop,,,2.8964
contemporary post-bop,,,2.893187222222220
italian techno,,,2.892131111111110
canadian metal,,,2.8854458333333300
indie electropop,,,2.8547719444444400
rockabilly,,,2.8457625
sophisti-pop,,,2.843726111111110
hard bop,,,2.8308030555555600
relaxative,,,2.818923888888890
hopebeat,,,2.8159763888888900
brighton indie,,,2.8113244444444400
alternative country,,,2.8104080555555600
melbourne indie,,,2.8027625
shiver pop,,,2.797235
early modern classical,,,2.7835219444444400
classic garage rock,,,2.7822802777777800
neo-singer-songwriter,,,2.772163611111110
psychedelic pop,,,2.764641111111110
microhouse,,,2.764298611111110
nashville sound,,,2.7318105555555600
lo-fi latino,,,2.7064766666666700
easy listening,,,2.7061272222222200
canadian modern jazz,,,2.705312222222220
acoustic rock,,,2.698993888888890
europop,,,2.6813105555555600
tech house,,,2.6321691666666700
banjo,,,2.630213611111110
eurodance,,,2.617366111111110
scandipop,,,2.614776388888890
experimental pop,,,2.5945858333333300
indie garage rock,,,2.5762094444444400
arkansas country,,,2.5731977777777800
ambient,,,2.566833888888890
electronic rock,,,2.565202777777780
bass trap,,,2.5227233333333300
environmental,,,2.5227191666666700
modern southern rock,,,2.5032047222222200
pastoral,,,2.483105833333330
comedy rap,,,2.4448741666666700
nigerian pop,,,2.44067
deep smooth jazz,,,2.420548888888890
french baroque,,,2.420263888888890
lilith,,,2.4158691666666700
gauze pop,,,2.4072716666666700
austin americana,,,2.3993119444444400
classify,,,2.3982983333333300
boom bap,,,2.3936627777777800
shanty,,,2.382893888888890
malian blues,,,2.381236388888890
jazz piano,,,2.3776475
traprun,,,2.3710544444444400
socal pop punk,,,2.3348577777777800
alabama rap,,,2.325408888888890
ambient guitar,,,2.3111691666666700
slovenian electronic,,,2.302516111111110
uk doom metal,,,2.295873333333330
j-pop,,,2.295602222222220
mande pop,,,2.278369722222220
ethio-jazz,,,2.2711591666666700
french opera,,,2.267268888888890
neon pop punk,,,2.2622597222222200
lo-fi brasileiro,,,2.2393008333333300
vaporwave,,,2.2392394444444400
south carolina hip hop,,,2.2374002777777800
french romanticism,,,2.224173611111110
electra,,,2.2194480555555600
mexican pop,,,2.212185277777780
microtonal,,,2.211692777777780
swedish tropical house,,,2.2038741666666700
shoegaze,,,2.2011761111111100
instrumental grime,,,2.200433888888890
hyperpop,,,2.2000788888888900
canadian americana,,,2.194068888888890
black americana,,,2.1766725
drill and bass,,,2.175142222222220
doo-wop,,,2.167448888888890
free jazz,,,2.1473247222222200
buffalo hip hop,,,2.1396425
stomp pop,,,2.1391869444444400
swedish electronic,,,2.1208447222222200
ska mexicano,,,2.1176230555555600
ska punk,,,2.1176230555555600
uplifting trance,,,2.0974952777777800
scottish rock,,,2.095359722222220
mexican classic rock,,,2.0881113888888900
rochester mn indie,,,2.078027222222220
emo,,,2.0760275
german techno,,,2.068274166666670
deep groove house,,,2.0507322222222200
sound,,,2.043760277777780
sad lo-fi,,,2.039784722222220
ska jazz,,,2.034315277777780
movie tunes,,,2.006727222222220
smooth saxophone,,,1.9990369444444400
garage rock revival,,,1.9982522222222200
uk post-punk,,,1.9887502777777800
african rock,,,1.9847297222222200
classic afrobeat,,,1.9847297222222200
classic oklahoma country,,,1.9845402777777800
russian edm,,,1.9822869444444400
upstate ny rap,,,1.9748530555555600
indie r&b,,,1.9707475
industrial hip hop,,,1.9667308333333300
classic soundtrack,,,1.9651275
spiritual jazz,,,1.9392633333333300
country dawn,,,1.9388322222222200
electro trash,,,1.9373825
azonto,,,1.9316702777777800
ska revival,,,1.9130136111111100
rap kreyol,,,1.911661388888890
jazz saxophone,,,1.9054205555555600
retro soul,,,1.9021258333333300
australian r&b,,,1.896781111111110
gaming edm,,,1.8925394444444400
neoclassical darkwave,,,1.8761802777777800
baltimore indie,,,1.8698058333333300
jangle pop,,,1.8691377777777800
progressive bluegrass,,,1.8616902777777800
oakland indie,,,1.8603880555555600
swiss pop,,,1.8597911111111100
funktronica,,,1.8572588888888900
dreamo,,,1.8507422222222200
anti-folk,,,1.8406830555555600
avant-garde jazz,,,1.839725
flute rock,,,1.8068038888888900
louisville indie,,,1.805681388888890
canadian rock,,,1.7971375
athens indie,,,1.79323
melodic dubstep,,,1.7862269444444400
indie rockism,,,1.7811555555555600
classic girl group,,,1.760013888888890
techno,,,1.7538219444444400
barbadian pop,,,1.7314997222222200
english baroque,,,1.731351388888890
french synthpop,,,1.7275477777777800
french indietronica,,,1.7168266666666700
disco house,,,1.7011786111111100
instrumental soul,,,1.6960936111111100
british singer-songwriter,,,1.6931341666666700
argentine hip hop,,,1.6907555555555600
piano blues,,,1.6806633333333300
nu age,,,1.6798008333333300
deep minimal techno,,,1.6777694444444400
zolo,,,1.6742658333333300
new age piano,,,1.666623611111110
hypnagogic pop,,,1.6552525
float house,,,1.635795
small room,,,1.6272152777777800
york indie,,,1.625661388888890
chill beats,,,1.6249805555555600
shred,,,1.62127
west coast trap,,,1.6093966666666700
bounce,,,1.60514
swedish house,,,1.6034544444444400
asian american hip hop,,,1.5944538888888900
country pop,,,1.58742
traditional blues,,,1.5667969444444400
viral rap,,,1.565668611111110
uk bass,,,1.5651752777777800
women's music,,,1.5517369444444400
okc indie,,,1.5496377777777800
melodic techno,,,1.5422541666666700
stutter house,,,1.5409427777777800
english indie rock,,,1.5390422222222200
canadian old school hip hop,,,1.5370919444444400
scottish electronic,,,1.5287258333333300
slam poetry,,,1.527956388888890
torch song,,,1.5229783333333300
afro-funk,,,1.5126633333333300
beatboxing,,,1.5111616666666700
elephant 6,,,1.4596402777777800
impressionism,,,1.4385230555555600
chill r&b,,,1.4319202777777800
ethiopian pop,,,1.4170369444444400
latin house,,,1.4168180555555600
brazilian boogie,,,1.4001452777777800
contemporary jazz,,,1.3896291666666700
instrumental post-rock,,,1.3800880555555600
irish hip hop,,,1.3742780555555600
chillstep,,,1.3640494444444400
deep disco house,,,1.3626091666666700
panpipe,,,1.349196388888890
romanian folk,,,1.349196388888890
jazz harp,,,1.3473291666666700
modern dream pop,,,1.3461333333333300
jazz house,,,1.3400611111111100
purple sound,,,1.3161652777777800
norwegian pop,,,1.309663611111110
indie jazz,,,1.3079644444444400
psicodelia brasileira,,,1.3069161111111100
bass music,,,1.3050669444444400
cool jazz,,,1.3042488888888900
reggaeton colombiano,,,1.302908888888890
modern indie folk,,,1.2938777777777800
christian lo-fi,,,1.2812366666666700
anime,,,1.2706366666666700
german pop,,,1.2474391666666700
australian house,,,1.242388888888890
australian alternative pop,,,1.2394841666666700
electric bass,,,1.2344805555555600
contemporary classical,,,1.2332488888888900
show tunes,,,1.2327191666666700
modern alternative pop,,,1.2326633333333300
classic mandopop,,,1.2289208333333300
c-pop,,,1.2289208333333300
drone,,,1.2244463888888900
deathstep,,,1.2139147222222200
danish electronic,,,1.1969966666666700
uk funky,,,1.1938355555555600
vocal house,,,1.1932063888888900
nwobhm,,,1.1854722222222200
minimalism,,,1.1819730555555600
background jazz,,,1.1757772222222200
riddim dubstep,,,1.1677633333333300
old school dancehall,,,1.1621697222222200
fourth world,,,1.152663611111110
folktronica,,,1.152063611111110
chill abstract hip hop,,,1.1453275
american post-rock,,,1.144926388888890
raw techno,,,1.1325975
dmv rap,,,1.1193716666666700
icelandic classical,,,1.1128547222222200
jazz trio,,,1.1122455555555600
uk contemporary jazz,,,1.1107016666666700
modern indie pop,,,1.1019705555555600
american contemporary classical,,,1.1011008333333300
electro latino,,,1.09931
post-teen pop,,,1.0954083333333300
drift phonk,,,1.0943991666666700
italian soundtrack,,,1.0904058333333300
latin tech house,,,1.0810636111111100
vancouver indie,,,1.078076388888890
bisaya rap,,,1.0733158333333300
musical advocacy,,,1.0721802777777800
acoustic cover,,,1.0715419444444400
west coast reggae,,,1.0579241666666700
ambient worship,,,1.05406
chill dream pop,,,1.0533397222222200
british indie rock,,,1.050105
neo classical metal,,,1.0354725
stomp and flutter,,,1.0322205555555600
classic swedish pop,,,1.0296558333333300
freak folk,,,1.0182022222222200
filmi,,,1.0176827777777800
phonk,,,1.0155819444444400
ccm,,,1.0118594444444400
toronto rap,,,1.0115188888888900
nordic house,,,1.0020991666666700
gospel soul,,,1.0013711111111100
ann arbor indie,,,0.9790694444444440
quebec indie,,,0.9644475
kawaii future bass,,,0.9593138888888890
dakke dak,,,0.953625
funk ostentacao,,,0.9510208333333330
funk carioca,,,0.9510208333333330
funk paulista,,,0.9510208333333330
progressive trance house,,,0.9450844444444440
progressive post-hardcore,,,0.9435955555555560
palm desert scene,,,0.9383008333333330
stoner metal,,,0.9383008333333330
indie dream pop,,,0.9372513888888890
rhythm and blues,,,0.9370641666666670
broadway,,,0.9234233333333330
african-american classical,,,0.9221097222222220
north carolina roots,,,0.9213566666666670
australian hip hop,,,0.9045163888888890
new jersey indie,,,0.9031341666666670
metal guitar,,,0.8983911111111110
celtic rock,,,0.8949888888888890
bow pop,,,0.8933169444444440
post-minimalism,,,0.8882411111111110
chill pop,,,0.8819844444444450
jazz organ,,,0.8794563888888890
experimental,,,0.8740230555555560
etherpop,,,0.8718013888888890
j-rock,,,0.8697680555555560
swedish soul,,,0.8690344444444440
post-rock,,,0.8680761111111110
fingerstyle,,,0.8680094444444440
lo-fi house,,,0.8631736111111110
brill building pop,,,0.8613072222222220
reparto,,,0.8582063888888890
calming instrumental,,,0.8541530555555560
danish hip hop,,,0.8514511111111110
latin arena pop,,,0.8501541666666670
japanese teen pop,,,0.8482391666666670
afroswing,,,0.8470844444444440
liverpool indie,,,0.8457316666666670
lo-fi cover,,,0.8448736111111110
sleaze rock,,,0.8347847222222220
tontipop,,,0.8343241666666670
post-punk,,,0.8343016666666670
asmr,,,0.8274333333333330
dutch r&b,,,0.8256197222222220
french pop,,,0.8251466666666670
british jazz,,,0.8245522222222220
hammond organ,,,0.8217619444444440
christmas instrumental,,,0.8135563888888890
funana,,,0.8111963888888890
instrumental acoustic guitar,,,0.8083441666666670
instrumental worship,,,0.8042277777777780
coverchill,,,0.8032777777777780
gothenburg indie,,,0.7955091666666670
deep ccm,,,0.7928858333333330
futuristic swag,,,0.7884963888888890
chopped and screwed,,,0.7883583333333330
pop folk,,,0.7844772222222220
schranz,,,0.7827333333333330
theme,,,0.7808222222222220
noise rock,,,0.7790316666666670
uk experimental electronic,,,0.7785725
ghanaian hip hop,,,0.7743405555555560
canterbury scene,,,0.7738833333333330
chinese hip hop,,,0.7687680555555560
chanson,,,0.7666388888888890
nashville indie,,,0.7647777777777780
classical performance,,,0.7632244444444450
hungarian techno,,,0.7614419444444450
abstract,,,0.7565980555555560
neo r&b,,,0.7564366666666670
brass band,,,0.7475472222222220
deep new americana,,,0.7474830555555560
australian alternative rock,,,0.7461727777777780
denpa-kei,,,0.7408022222222220
turkish trap,,,0.7401547222222220
chutney,,,0.7400752777777780
classic bollywood,,,0.7400752777777780
swedish singer-songwriter,,,0.7383127777777780
hip house,,,0.7336111111111110
boston rock,,,0.7291952777777780
russian modern classical,,,0.7284397222222220
west virginia indie,,,0.7261491666666670
american folk revival,,,0.7237352777777780
rumba,,,0.7209691666666670
double drumming,,,0.7160291666666670
bubble trance,,,0.7144788888888890
sheffield indie,,,0.7142352777777780
french hip hop,,,0.7136702777777780
pop urbaine,,,0.7136702777777780
r&b francais,,,0.7136702777777780
classic french pop,,,0.7117388888888890
auteur-compositeur-interprete quebecois,,,0.7117388888888890
chinese idol pop,,,0.7109769444444450
electrofox,,,0.7088819444444440
worship,,,0.7072230555555560
world worship,,,0.7072230555555560
irish pop,,,0.7068488888888890
lo-fi vgm,,,0.705935
acoustic blues,,,0.7056361111111110
spirituals,,,0.7049958333333330
brit funk,,,0.6997030555555560
space ambient,,,0.6956336111111110
hi-nrg,,,0.6951583333333330
bulgarian electronic,,,0.6912
bossa nova,,,0.6904883333333330
german house,,,0.6891219444444440
russian romanticism,,,0.6878980555555560
pop nacional,,,0.6854072222222220
kc indie,,,0.6757402777777780
dark r&b,,,0.6750291666666670
funky tech house,,,0.665075
classic pakistani pop,,,0.6646308333333330
sufi,,,0.6646308333333330
ghazal,,,0.6646308333333330
drum and bass,,,0.6628855555555560
norwegian house,,,0.6627208333333330
uk house,,,0.6611619444444440
electroclash,,,0.6575366666666670
scratch,,,0.65311
big beat,,,0.64781
bachata,,,0.6445166666666670
bboy,,,0.6441322222222220
collage pop,,,0.6411705555555560
new orleans funk,,,0.6402952777777780
nz pop,,,0.6389483333333330
downtempo bass,,,0.6387277777777780
go-go,,,0.6368866666666670
arab groove,,,0.6346444444444450
minnesota hip hop,,,0.6312072222222220
indian edm,,,0.6305836111111110
jazz drums,,,0.6300958333333330
hamburg electronic,,,0.6267572222222220
ukulele,,,0.6262208333333330
french techno,,,0.6247255555555560
metalcore,,,0.6210258333333330
candy pop,,,0.6176388888888890
latinx alternative,,,0.6137647222222220
pixie,,,0.6092677777777780
lo-fi product,,,0.6057422222222220
pop violin,,,0.6051919444444450
talent show,,,0.6051363888888890
ambient post-rock,,,0.6042241666666670
classic dubstep,,,0.6025136111111110
minneapolis indie,,,0.6004872222222220
alabama indie,,,0.6002125
vapor pop,,,0.5999688888888890
london rap,,,0.5991088888888890
australian indie folk,,,0.5924672222222220
swedish indie folk,,,0.5883480555555560
scottish techno,,,0.5869522222222220
acid jazz,,,0.5862219444444440
country blues,,,0.5855125
deep chill,,,0.5852652777777780
chill lounge,,,0.5852652777777780
modern jazz trio,,,0.5815244444444440
american modern classical,,,0.5791555555555560
swedish techno,,,0.5785361111111110
ambient folk,,,0.5751075
chill house,,,0.5731047222222220
hardvapour,,,0.5716961111111110
auckland indie,,,0.5712466666666670
classical piano,,,0.5707788888888890
nyc pop,,,0.5682969444444450
jamaican dancehall,,,0.5657419444444450
experimental rock,,,0.5640536111111110
mpb,,,0.5636152777777780
atmosphere,,,0.5614141666666670
popgaze,,,0.5586977777777780
workout product,,,0.5577633333333330
renaissance,,,0.5566561111111110
latin viral pop,,,0.5554527777777780
ukrainian classical,,,0.5533163888888890
reggae cover,,,0.5529727777777780
rave,,,0.5509905555555560
polish classical,,,0.5464508333333330
south african rock,,,0.5449527777777780
israeli classical piano,,,0.5413166666666670
acoustic guitar cover,,,0.5398397222222220
slow game,,,0.5290763888888890
classic japanese jazz,,,0.5265836111111110
alternative americana,,,0.5210658333333330
christian trap,,,0.5152338888888890
harpsichord,,,0.5045011111111110
post-hardcore,,,0.5038969444444440
japanese emo,,,0.5030427777777780
modern jazz piano,,,0.5029786111111110
classical guitar,,,0.5027508333333330
flamenco,,,0.5005916666666670
flamenco guitar,,,0.5005916666666670
swedish garage rock,,,0.49942722222222200
saskatchewan indie,,,0.49843916666666700
wu fam,,,0.4954675
moroccan pop,,,0.4940772222222220
bristol electronic,,,0.49337555555555600
scottish new wave,,,0.49172194444444400
german cloud rap,,,0.49149444444444400
braindance,,,0.49085388888888900
sad rap,,,0.48964833333333300
latin classical,,,0.48768555555555600
halftime dnb,,,0.48204305555555600
swedish hard rock,,,0.48038305555555600
norwegian classical,,,0.47700694444444400
dark pop,,,0.4701063888888890
canadian drill,,,0.46949805555555600
deep uplifting trance,,,0.4681972222222220
celtic,,,0.4671136111111110
new orleans soul,,,0.4665344444444440
hollywood,,,0.4651808333333330
vermont indie,,,0.4647219444444440
pacific islands pop,,,0.46307777777777800
rebel blues,,,0.46276527777777800
spanish pop,,,0.46231527777777800
italian jazz fusion,,,0.45972111111111100
galante era,,,0.4584552777777780
nu skool breaks,,,0.4569447222222220
sacramento indie,,,0.45691055555555600
alternative emo,,,0.45523833333333300
dancefloor dnb,,,0.45504555555555600
footwork,,,0.452355
birmingham grime,,,0.4499269444444440
visual kei,,,0.4480441666666670
contemporary vocal jazz,,,0.44707694444444400
melodic metalcore,,,0.4457138888888890
swedish indie rock,,,0.44390972222222200
reggaeton flow,,,0.441165
popping,,,0.4403344444444440
pianissimo,,,0.4378636111111110
french soundtrack,,,0.43735083333333300
christian alternative rock,,,0.4363547222222220
space age pop,,,0.43402972222222200
art punk,,,0.432225
pirate,,,0.430835
nerdcore,,,0.42384944444444400
atlanta indie,,,0.419785
indonesian underground hip hop,,,0.4194961111111110
straight-ahead jazz,,,0.4191436111111110
piano cover,,,0.4173202777777780
canadian house,,,0.41634333333333300
british soundtrack,,,0.4151136111111110
japanese underground rap,,,0.4149477777777780
japanese boom bap,,,0.4149477777777780
juju,,,0.41396638888888900
latin soundtrack,,,0.4138030555555560
uk metalcore,,,0.4115975
british modern classical,,,0.4110436111111110
screamo,,,0.4097558333333330
indiecoustica,,,0.40970305555555600
czech classical,,,0.4088441666666670
tearout,,,0.4087058333333330
brooklyn drill,,,0.4081502777777780
ambient techno,,,0.4054730555555560
acid techno,,,0.4053175
classic j-rock,,,0.40499833333333300
neoclassicism,,,0.404195
japanese piano,,,0.40365694444444400
soul flow,,,0.40009194444444400
indie punk,,,0.39833166666666700
miami bass,,,0.39777583333333300
slack-key guitar,,,0.39774166666666700
ambient house,,,0.3916908333333330
calypso,,,0.3911211111111110
australian country,,,0.39097777777777800
drone folk,,,0.3863083333333330
uk tech house,,,0.38568583333333300
belgian techno,,,0.3838136111111110
kwaito,,,0.3815963888888890
anime rock,,,0.3737522222222220
outsider house,,,0.3725436111111110
pop emo,,,0.3721202777777780
bleep techno,,,0.3718786111111110
german rock,,,0.3716886111111110
german metal,,,0.3716886111111110
german hard rock,,,0.3716886111111110
tulsa indie,,,0.3715536111111110
greek downtempo,,,0.3713266666666670
red dirt,,,0.37008111111111100
outsider,,,0.36889083333333300
german classical piano,,,0.3685422222222220
north carolina indie,,,0.36694166666666700
canadian pop punk,,,0.36685833333333300
canadian punk,,,0.36685833333333300
scottish indie,,,0.36657
dark clubbing,,,0.36522583333333300
montreal indie,,,0.3646727777777780
nice indie,,,0.36406666666666700
groove metal,,,0.3572
italian romanticism,,,0.3541666666666670
italian opera,,,0.3541666666666670
milwaukee hip hop,,,0.35340444444444400
ambient pop,,,0.3524138888888890
louisiana blues,,,0.35171583333333300
new orleans blues,,,0.35171583333333300
skate punk,,,0.35086527777777800
rhythm game,,,0.3503277777777780
norwegian singer-songwriter,,,0.3491186111111110
experimental bass,,,0.3458261111111110
dunedin indie,,,0.3423002777777780
progressive metal,,,0.34222166666666700
neo-traditional country,,,0.3411775
teen pop,,,0.3404347222222220
cello,,,0.3398527777777780
speed house,,,0.33772583333333300
synthesizer,,,0.3375947222222220
channel islands indie,,,0.3371997222222220
japanese vgm,,,0.3361733333333330
japanese experimental,,,0.33606
singeli,,,0.33411833333333300
nu jazz,,,0.33269305555555600
j-pixie,,,0.3325430555555560
modern country pop,,,0.3323608333333330
substep,,,0.33150666666666700
london indie,,,0.3312772222222220
nz indie,,,0.3305988888888890
underground grunge,,,0.3287475
meme rap,,,0.32648333333333300
belgian pop,,,0.32616527777777800
argentine ambient,,,0.32520305555555600
progressive jazz fusion,,,0.3251502777777780
jacksonville indie,,,0.3250283333333330
lds youth,,,0.3250061111111110
rap latina,,,0.32230333333333300
afro psych,,,0.32186305555555600
sound art,,,0.3211772222222220
game mood,,,0.32097472222222200
dutch rock,,,0.32073666666666700
dutch pop,,,0.3196791666666670
freestyle,,,0.3193811111111110
bassline,,,0.31873527777777800
arab trap,,,0.3156466666666670
brazilian jazz,,,0.3152641666666670
celtic punk,,,0.31435555555555600
drift,,,0.31430166666666700
enka,,,0.3127711111111110
experimental jazz,,,0.3127577777777780
men chika,,,0.31221
melodic drill,,,0.3108430555555560
horrorcore,,,0.3108269444444440
vintage reggae,,,0.30718833333333300
folk punk,,,0.30713305555555600
jamgrass,,,0.30603305555555600
string duo,,,0.30557055555555600
christian music,,,0.3046363888888890
uk drill,,,0.3044936111111110
canadian latin,,,0.30402055555555600
korean trap,,,0.3022222222222220
andean flute,,,0.30203694444444400
israeli indie,,,0.30089805555555600
rhode island rap,,,0.30086666666666700
anime score,,,0.3002944444444440
cinematic post-rock,,,0.2974847222222220
slowcore,,,0.2974219444444440
japanese soul,,,0.29706166666666700
rare groove,,,0.29693277777777800
gym hardstyle,,,0.2961052777777780
nederpop,,,0.29501055555555600
knoxville indie,,,0.29174555555555600
no wave,,,0.2901708333333330
traphall,,,0.289185
italian electronica,,,0.2890477777777780
rome indie,,,0.2890477777777780
synthwave,,,0.28810555555555600
indonesian jazz,,,0.2879661111111110
vegas indie,,,0.2863713888888890
otacore,,,0.28567722222222200
canadian indie folk,,,0.2854641666666670
modern psychedelic folk,,,0.28367027777777800
bergen indie,,,0.2835988888888890
krautrock,,,0.27993694444444400
berlin school,,,0.27993694444444400
german prog,,,0.27993694444444400
toronto indie,,,0.27955444444444400
south african house,,,0.27795166666666700
modern bollywood,,,0.2776075
indie quebecois,,,0.27702638888888900
21st century classical,,,0.2760325
nordic contemporary classical,,,0.2760325
bubblegrunge,,,0.2744330555555560
classical cello,,,0.27229916666666700
canadian electropop,,,0.2713275
tropicalia,,,0.27077555555555600
welsh rock,,,0.27064027777777800
south carolina indie,,,0.26988555555555600
mashup,,,0.2680180555555560
jungle,,,0.26784
serialism,,,0.26763944444444400
irish folk,,,0.26762444444444400
slushwave,,,0.26666666666666700
welsh indie,,,0.2653641666666670
south african jazz,,,0.2650558333333330
brazilian edm,,,0.26416694444444400
modular synth,,,0.26352166666666700
chill phonk,,,0.263095
leicester indie,,,0.2622111111111110
american primitive,,,0.2619386111111110
violao,,,0.26190555555555600
indian jazz,,,0.26007
crank wave,,,0.25941055555555600
study beats,,,0.2587919444444440
boston punk,,,0.256
canadian celtic,,,0.2558547222222220
bluegrass,,,0.25493333333333300
neo-traditional bluegrass,,,0.25493333333333300
early avant garde,,,0.25183333333333300
canadian psychedelic,,,0.25145972222222200
hardcore punk,,,0.2504986111111110
swiss indie,,,0.25
chinderlieder,,,0.25
experimental ambient,,,0.24998277777777800
dub techno,,,0.24942583333333300
cologne electronic,,,0.24942583333333300
latin rock,,,0.24915083333333300
dallas indie,,,0.24849444444444400
tin pan alley,,,0.24722222222222200
wave,,,0.24688083333333300
experimental house,,,0.24560194444444400
ukrainian contemporary classical,,,0.24500666666666700
ukrainian classical piano,,,0.24500666666666700
solo wave,,,0.24415166666666700
azontobeats,,,0.2440625
german reggae,,,0.24365111111111100
german hip hop,,,0.24365111111111100
cologne hip hop,,,0.24365111111111100
brazilian techno,,,0.2426588888888890
dutch prog,,,0.24022555555555600
new jersey underground rap,,,0.23914166666666700
new orleans indie,,,0.23730333333333300
funk mexicano,,,0.23655
kentucky roots,,,0.23651055555555600
victorian britain,,,0.23619944444444400
irish neo-traditional,,,0.23577694444444400
sydney indie,,,0.23563277777777800
uk dancehall,,,0.235345
slc indie,,,0.23517083333333300
surf punk,,,0.23463555555555600
jazz quartet,,,0.23415555555555600
kizomba,,,0.23287333333333300
samba,,,0.23176833333333300
el paso indie,,,0.2313588888888890
hard techno,,,0.229895
boogie,,,0.22969166666666700
saxophone house,,,0.22956888888888900
austro-german modernism,,,0.22884694444444400
pub rock,,,0.22804027777777800
south african pop,,,0.22756166666666700
desi hip hop,,,0.2273425
early music ensemble,,,0.22716611111111100
psychedelic blues-rock,,,0.22565305555555600
nu-metalcore,,,0.22509305555555600
piedmont blues,,,0.22497777777777800
minimal dnb,,,0.22377972222222200
swedish americana,,,0.22289944444444400
modern old-time,,,0.2211027777777780
newcastle indie,,,0.22096361111111100
j-ambient,,,0.22035194444444400
chill baile,,,0.2199436111111110
operatic pop,,,0.21916972222222200
ambient synth,,,0.21727944444444400
classical jazz fusion,,,0.21691388888888900
freakbeat,,,0.21520055555555600
electropowerpop,,,0.2146325
cornish folk,,,0.21448083333333300
icelandic rock,,,0.2136597222222220
diva house,,,0.21348916666666700
jazz vibraphone,,,0.21343694444444400
trancecore,,,0.21340555555555600
deep techno,,,0.21251777777777800
nordic post-rock,,,0.21248833333333300
beats,,,0.21162166666666700
brazilian soul,,,0.21136805555555600
nigerian hip hop,,,0.21108916666666700
ethereal wave,,,0.21099222222222200
vintage italian soundtrack,,,0.20949694444444400
rochester ny indie,,,0.20888166666666700
instrumental bluegrass,,,0.20813916666666700
christian rock,,,0.2080925
j-acoustic,,,0.20782194444444400
british alternative rock,,,0.20714416666666700
nashville singer-songwriter,,,0.2071302777777780
frankfurt electronic,,,0.20419722222222200
uk post-punk revival,,,0.20209611111111100
classic progressive house,,,0.20206166666666700
deep progressive trance,,,0.20206166666666700
danish electropop,,,0.20187472222222200
south african electronic,,,0.20101555555555600
black comedy,,,0.2002188888888890
icelandic indie,,,0.20008944444444400
ragga jungle,,,0.19927333333333300
psychill,,,0.19888472222222200
progressive breaks,,,0.19888472222222200
finnish classical,,,0.19873305555555600
pop ambient,,,0.19827583333333300
organic electronic,,,0.19827583333333300
deep pop edm,,,0.1977875
ukg revival,,,0.19749277777777800
guitarra clasica,,,0.19744166666666700
avant-garde,,,0.1973886111111110
nashville americana,,,0.19734527777777800
deep latin alternative,,,0.1964577777777780
southern americana,,,0.19628
soca,,,0.1950088888888890
victoria bc indie,,,0.19463166666666700
rock of gibraltar,,,0.19458833333333300
indie emo,,,0.19339916666666700
miami indie,,,0.19313277777777800
basshall,,,0.19257305555555600
industrial metal,,,0.19168833333333300
lullaby,,,0.191225
caucasian classical,,,0.19118888888888900
canadian classical piano,,,0.18781444444444400
kentucky indie,,,0.187455
pop house,,,0.18708194444444400
psychedelic folk rock,,,0.18654694444444400
speedrun,,,0.18633222222222200
jazz flute,,,0.1856225
australian trap,,,0.18499583333333300
jackin' house,,,0.183975
african reggae,,,0.1833036111111110
cdo indie,,,0.18317611111111100
armenian hip hop,,,0.18295333333333300
nottingham indie,,,0.18291083333333300
dub poetry,,,0.18131833333333300
harmonica blues,,,0.18107916666666700
bc underground hip hop,,,0.18087777777777800
delta blues,,,0.17945555555555600
melodipop,,,0.17815333333333300
rap montrealais,,,0.17795916666666700
swedish jazz,,,0.17778583333333300
french dnb,,,0.1774036111111110
multidisciplinary,,,0.1767138888888890
brazilian classical,,,0.1764961111111110
fake,,,0.17647222222222200
texas metal,,,0.17506666666666700
russelater,,,0.17480583333333300
surf music,,,0.17417694444444400
warm drone,,,0.17402944444444400
russian electronic,,,0.17365916666666700
russian techno,,,0.17365916666666700
german tech house,,,0.17229111111111100
spanish classical,,,0.17018694444444400
nu gaze,,,0.1701586111111110
indian lo-fi,,,0.1699688888888890
rva indie,,,0.16984777777777800
britpop revival,,,0.16832555555555600
norwegian space disco,,,0.16763027777777800
r&drill,,,0.16743083333333300
old school bassline,,,0.16722472222222200
chicago blues,,,0.16715194444444400
israeli pop,,,0.16648666666666700
cleveland indie,,,0.16594777777777800
alternative pop rock,,,0.16574027777777800
traditional funk,,,0.1656825
german opera,,,0.16555555555555600
swedish folk pop,,,0.16497777777777800
erotic product,,,0.16401583333333300
nz folk,,,0.16386638888888900
scandinavian r&b,,,0.1632736111111110
scottish indie rock,,,0.16308111111111100
asheville indie,,,0.16288472222222200
kingston on indie,,,0.16187083333333300
brisbane indie,,,0.16170166666666700
norwegian indie,,,0.16074527777777800
dutch tech house,,,0.15956833333333300
musica de fondo,,,0.15905916666666700
oc rap,,,0.1585875
channel pop,,,0.15847611111111100
north east england indie,,,0.15844416666666700
ectofolk,,,0.15831222222222200
turkish hip hop,,,0.1568336111111110
indie game soundtrack,,,0.15631583333333300
old school highlife,,,0.15522583333333300
hard trance,,,0.15382694444444400
liquid funk,,,0.15204527777777800
progressive uplifting trance,,,0.15139666666666700
gbvfi,,,0.15051194444444400
christian indie,,,0.15034916666666700
medieval,,,0.14857722222222200
orthodox chant,,,0.14857722222222200
american romanticism,,,0.14830722222222200
roots americana,,,0.14793666666666700
organic house,,,0.14691722222222200
jewish hip hop,,,0.146585
gen z singer-songwriter,,,0.1463963888888890
pittsburgh rock,,,0.14630361111111100
weightless,,,0.14627083333333300
jamaican hip hop,,,0.14582166666666700
classic house,,,0.14568555555555600
garage house,,,0.14568555555555600
charlottesville indie,,,0.14467777777777800
shimmer psych,,,0.14446027777777800
chinese classical piano,,,0.14435944444444400
norwegian experimental,,,0.14419222222222200
djent,,,0.1424402777777780
italo disco,,,0.14225194444444400
vocal harmony group,,,0.142
hurdy-gurdy,,,0.14146277777777800
hip-hop experimental,,,0.1413661111111110
old west,,,0.14064416666666700
socal indie,,,0.14055194444444400
cambridgeshire indie,,,0.14016222222222200
balearic,,,0.14008666666666700
chicago punk,,,0.13974333333333300
chicago hardcore,,,0.13974333333333300
french shoegaze,,,0.13972583333333300
mexican rock,,,0.1391477777777780
rock en espanol,,,0.1391477777777780
instrumental lullaby,,,0.13887527777777800
k-indie,,,0.13877666666666700
classic korean pop,,,0.13877666666666700
atmospheric post-rock,,,0.1378477777777780
historic piano performance,,,0.13753666666666700
asbury park indie,,,0.13662833333333300
vocaloid,,,0.13627111111111100
ambient idm,,,0.1360852777777780
beach house,,,0.13590194444444400
cantautor,,,0.13575166666666700
australian americana,,,0.13384166666666700
boston folk,,,0.13235555555555600
japanese progressive house,,,0.13230833333333300
danish pop rock,,,0.13227777777777800
anime phonk,,,0.1316513888888890
virginia metal,,,0.1311188888888890
dutch indie,,,0.13108444444444400
circuit,,,0.13083972222222200
japanese vtuber,,,0.13083333333333300
video game music,,,0.13080555555555600
omaha indie,,,0.13050333333333300
post-disco soul,,,0.12959222222222200
leipzig electronic,,,0.12935555555555600
steel guitar,,,0.12885722222222200
trap boricua,,,0.12860194444444400
lawrence ks indie,,,0.12838083333333300
riddim,,,0.12826277777777800
grave wave,,,0.12801083333333300
chamber psych,,,0.12791305555555600
bristol indie,,,0.12791305555555600
mallsoft,,,0.1265636111111110
utopian virtual,,,0.1265636111111110
euphoric hardstyle,,,0.1252602777777780
classic hardstyle,,,0.1252602777777780
british post-rock,,,0.12524444444444400
denton tx indie,,,0.12473277777777800
glam punk,,,0.12447027777777800
broken beat,,,0.12399722222222200
nordic soundtrack,,,0.12369722222222200
boom bap espanol,,,0.12306027777777800
classical trumpet,,,0.12284111111111100
new york drill,,,0.1228086111111110
garage pop,,,0.12187666666666700
tejano,,,0.12162611111111100
dembow,,,0.12134472222222200
rap dominicano,,,0.12134472222222200
aussie drill,,,0.12111111111111100
griot,,,0.1203961111111110
high-tech minimal,,,0.12034944444444400
norwegian hip hop,,,0.12011833333333300
math pop,,,0.11965166666666700
ontario indie,,,0.11928083333333300
alternative roots rock,,,0.11900361111111100
rock alternatif francais,,,0.1186838888888890
french emo,,,0.1186838888888890
gymcore,,,0.11798361111111100
indie rock italiano,,,0.11753333333333300
italian pop,,,0.11753333333333300
afro soul,,,0.11654055555555600
indie salvadoreno,,,0.11636611111111100
hardstyle,,,0.11599805555555600
irish pub song,,,0.11491055555555600
highlife,,,0.11405555555555600
mandible,,,0.11397361111111100
buffalo ny indie,,,0.11241583333333300
san antonio rap,,,0.11167166666666700
south african pop dance,,,0.11102111111111100
polish contemporary classical,,,0.11096666666666700
j-core,,,0.11070111111111100
anthem emo,,,0.10841
gothic americana,,,0.10825166666666700
isle of wight indie,,,0.1077775
tropical,,,0.10756277777777800
salsa peruana,,,0.10756277777777800
salsa,,,0.10756277777777800
salsa puertorriquena,,,0.10756277777777800
modern salsa,,,0.10756277777777800
french rock,,,0.10751083333333300
latin afrobeat,,,0.10741027777777800
lund indie,,,0.10710333333333300
nordic shoegaze,,,0.10710333333333300
italo dance,,,0.10677583333333300
hands up,,,0.10677583333333300
desi pop,,,0.10635527777777800
german pop rock,,,0.10612555555555600
ballroom,,,0.10569972222222200
chinese indie,,,0.10565555555555600
chinese indie pop,,,0.10565555555555600
deep tech house,,,0.10532444444444400
rock keyboard,,,0.10408861111111100
windsor on indie,,,0.10331111111111100
funky house,,,0.10312916666666700
grimewave,,,0.10278416666666700
israeli jazz,,,0.10255638888888900
meditation,,,0.1025
irish electronic,,,0.102385
japanese dream pop,,,0.10166666666666700
jazz rock,,,0.10155555555555600
reading indie,,,0.10074805555555600
nl folk,,,0.10062944444444400
northern irish indie,,,0.09985527777777780
australian post-rock,,,0.09968611111111110
idaho indie,,,0.09950333333333330
samba-rock,,,0.0993538888888889
classic psychedelic rock,,,0.09916166666666670
gamecore,,,0.09910944444444440
spacewave,,,0.09871972222222220
classic russian pop,,,0.0983725
via,,,0.0983725
belarusian pop,,,0.0983725
classic russian rock,,,0.0983725
japanese techno,,,0.09806833333333330
organic ambient,,,0.09806
chinese classical performance,,,0.0975961111111111
ethnotronica,,,0.09679027777777780
japanese jazz,,,0.09501083333333330
jazzy dnb,,,0.0947975
icelandic jazz,,,0.09413694444444440
indie electronica,,,0.09406944444444440
neo-kraut,,,0.09399944444444440
vintage hawaiian,,,0.09233333333333330
mexican experimental,,,0.09167777777777780
tijuana electronic,,,0.09167777777777780
norwegian americana,,,0.09135194444444440
acoustic chill,,,0.09106333333333330
german trance,,,0.09078861111111110
modern jangle pop,,,0.09077972222222220
twee pop,,,0.09060361111111110
westcoast flow,,,0.09049194444444440
instrumental progressive metal,,,0.08919222222222220
blues-rock guitar,,,0.08842583333333330
classic city pop,,,0.08674805555555560
romantico,,,0.0866775
deep soul house,,,0.08665777777777780
australian classical,,,0.08633333333333330
vancouver punk,,,0.08483166666666670
danish indie pop,,,0.0846925
future bounce,,,0.08385305555555560
alte,,,0.08321444444444440
nz singer-songwriter,,,0.08317777777777780
japanese classical,,,0.08261138888888890
a cappella,,,0.08177777777777780
brass band pop,,,0.08157444444444450
danish techno,,,0.08154944444444440
swedish hip hop,,,0.08134972222222220
velha guarda,,,0.08108111111111110
derry indie,,,0.0800388888888889
psybass,,,0.08
experimental psych,,,0.07947583333333330
man's orchestra,,,0.0792738888888889
symphonic power metal,,,0.07920361111111110
canadian blues,,,0.07889138888888890
early us punk,,,0.07887
baroque ensemble,,,0.07858888888888890
musica antigua,,,0.07858888888888890
scam rap,,,0.07857333333333330
underground power pop,,,0.07856666666666670
anarcho-punk,,,0.07748888888888890
german post-punk,,,0.07711388888888890
greek contemporary classical,,,0.0764
dublin indie,,,0.07612583333333330
trap beats,,,0.07583416666666670
ukrainian electronic,,,0.075595
vintage french electronic,,,0.07542944444444440
german boom bap,,,0.07534194444444450
bedroom r&b,,,0.07502638888888890
middle earth,,,0.07474472222222220
ska argentino,,,0.07453611111111110
argentine reggae,,,0.07453611111111110
danish rock,,,0.07439611111111110
danish metal,,,0.07439611111111110
norwegian jazz,,,0.07426611111111110
ecm-style jazz,,,0.07426611111111110
persian pop,,,0.07414444444444440
classic persian pop,,,0.07414444444444440
musiqi-ye zanan,,,0.07414444444444440
hauntology,,,0.07401138888888890
flint hip hop,,,0.07354444444444440
makossa,,,0.07341833333333330
weirdcore,,,0.07336416666666670
indian instrumental,,,0.07237555555555560
japanese soundtrack,,,0.07211083333333330
soulful house,,,0.07204277777777780
german dark minimal techno,,,0.07186138888888890
christian metal,,,0.07177027777777780
christian metalcore,,,0.07177027777777780
free improvisation,,,0.07175138888888890
shush,,,0.07166666666666670
classic danish pop,,,0.0715738888888889
viking folk,,,0.07154972222222220
cuban alternative,,,0.07123333333333330
olympia wa indie,,,0.07122222222222220
ny roots,,,0.07099611111111110
bossa nova jazz,,,0.07064611111111110
re:techno,,,0.07064555555555560
country rap,,,0.07022888888888890
experimental guitar,,,0.06877777777777780
alberta hip hop,,,0.06866138888888890
japanese idm,,,0.06852972222222220
japanese electronic,,,0.06852972222222220
furry,,,0.06791833333333330
neo-progressive,,,0.06765555555555560
swedish hardcore,,,0.06764444444444440
swedish post-hardcore,,,0.06764444444444440
vegan straight edge,,,0.06764444444444440
umea hardcore,,,0.06764444444444440
bitpop,,,0.06748888888888890
digital hardcore,,,0.06748888888888890
nintendocore,,,0.06748888888888890
queer country,,,0.06723694444444450
new orleans americana,,,0.06723694444444450
gainesville indie,,,0.06717916666666670
indie psych-pop,,,0.06717916666666670
chiptune,,,0.06708805555555560
japanese garage rock,,,0.06706638888888890
japanese rockabilly,,,0.06706638888888890
indian ambient,,,0.06683777777777780
san marcos tx indie,,,0.06665166666666670
libyan pop,,,0.06659777777777780
columbus ohio indie,,,0.06630333333333330
swedish dancehall,,,0.06616277777777780
swedish reggae,,,0.06616277777777780
swedish synth,,,0.06569444444444440
cymraeg,,,0.06557388888888890
nz electronic,,,0.06545055555555560
nordic classical piano,,,0.06524444444444440
icelandic experimental,,,0.06514305555555560
cincinnati indie,,,0.06504888888888890
didgeridoo,,,0.06502833333333330
nwocr,,,0.06501555555555560
tempe indie,,,0.06483333333333330
electro-pop francais,,,0.06479083333333330
old-time,,,0.0644813888888889
new age,,,0.06402194444444450
australian underground hip hop,,,0.06388472222222220
manchester indie,,,0.06357
canadian country,,,0.06356666666666670
welsh metal,,,0.06329555555555560
dayton indie,,,0.06321972222222220
german indie rock,,,0.06300027777777780
speed metal,,,0.0628
crossover thrash,,,0.0628
death metal,,,0.0628
virginia punk,,,0.0628
new wave of thrash metal,,,0.0628
manchester hip hop,,,0.06232611111111110
deep talent show,,,0.062251666666666700
rhode island indie,,,0.06220361111111110
oc indie,,,0.06217472222222220
city pop,,,0.06215
ok indie,,,0.06205833333333330
lafayette indie,,,0.062003611111111100
nu-cumbia,,,0.061948055555555600
latin alternative,,,0.061948055555555600
easycore,,,0.0619
dutch rap pop,,,0.06188888888888890
dutch hip hop,,,0.06188888888888890
modern funk,,,0.061845
australian garage punk,,,0.06156277777777780
boston indie,,,0.061532777777777800
australian indie rock,,,0.06144583333333330
gypsy punk,,,0.06144583333333330
jazz worship,,,0.061440555555555600
icelandic pop,,,0.06107027777777780
french tech house,,,0.060824444444444400
guyanese pop,,,0.060795
oklahoma country,,,0.0607925
psychedelic folk,,,0.06068388888888890
piano house,,,0.06044611111111110
bath indie,,,0.060414722222222200
southampton indie,,,0.060285
spectra,,,0.060159444444444400
canadian ccm,,,0.05994805555555560
christian punk,,,0.05994805555555560
pixel,,,0.05986111111111110
psych gaze,,,0.0595925
lexington ky indie,,,0.05954444444444440
indian indie,,,0.059519444444444400
indian electronic,,,0.059519444444444400
houston indie,,,0.05948888888888890
grunge pop,,,0.05947472222222220
stride,,,0.059444444444444400
charlotte nc indie,,,0.05929638888888890
australian indigenous music,,,0.059173333333333300
tassie indie,,,0.059047777777777800
canadian folk,,,0.05891472222222220
riot grrrl,,,0.05887777777777780
kenyan alternative,,,0.05879
uk dub,,,0.058770277777777800
dub reggae,,,0.058770277777777800
american metalcore,,,0.05852361111111110
electro swing,,,0.058437777777777800
balkan beats,,,0.058437777777777800
scottish hush,,,0.05835166666666670
wisconsin indie,,,0.05831111111111110
indian folk,,,0.05828166666666670
indian fusion,,,0.05828166666666670
spytrack,,,0.05826666666666670
malaysian pop,,,0.058262777777777800
pakistani pop,,,0.057985277777777800
pakistani electronic,,,0.057985277777777800
denver indie,,,0.05781638888888890
sichuanese hip hop,,,0.05779111111111110
canadian experimental,,,0.05778888888888890
experimental techno,,,0.057777777777777800
western americana,,,0.05770361111111110
moog,,,0.05765777777777780
jumpstyle,,,0.057319444444444400
american post-punk,,,0.057314444444444400
pop venezolano,,,0.05714277777777780
deep southern trap,,,0.05712166666666670
nyhc,,,0.0567925
anime piano,,,0.05677083333333330
mexican hip hop,,,0.05665166666666670
trap mexicano,,,0.05665166666666670
swiss techno,,,0.0566325
industrial pop,,,0.056565555555555600
norteno,,,0.05648888888888890
banda,,,0.05648888888888890
musica mexicana,,,0.05648888888888890
5th wave emo,,,0.056155
afro house,,,0.05612305555555560
aussie emo,,,0.055987777777777800
norwegian punk rock,,,0.05591472222222220
norwegian rock,,,0.05591472222222220
punk 'n' roll,,,0.05591472222222220
country gospel,,,0.0559
malmo indie,,,0.0555175
garage psych,,,0.0555175
springfield mo indie,,,0.05550361111111110
swedish contemporary classical,,,0.05542
belgian hip hop,,,0.05538138888888890
samoan pop,,,0.05514388888888890
charva,,,0.05513944444444440
bmore,,,0.05503305555555560
tennessee experimental,,,0.05501861111111110
ambient country,,,0.05501861111111110
atlanta metal,,,0.05491055555555560
japanese alternative pop,,,0.054740833333333300
japanese new wave,,,0.054740833333333300
american choir,,,0.054539722222222200
glitchcore,,,0.05445694444444450
stl indie,,,0.05436277777777780
west yorkshire indie,,,0.05436055555555560
manguebeat,,,0.05430722222222220
novelty,,,0.05428305555555560
romanian electronic,,,0.053935
sped up,,,0.053785
leipzig indie,,,0.05375361111111110
kaneka,,,0.05358138888888890
ukulele cover,,,0.053565555555555600
nottingham hip hop,,,0.05353111111111110
vincy soca,,,0.05336166666666670
experimental electronic,,,0.05333333333333330
british contemporary classical,,,0.053296111111111100
canadian post-hardcore,,,0.053248055555555600
japanese house,,,0.053157777777777800
vogue,,,0.052617222222222200
newcastle nsw indie,,,0.05254444444444440
calgary indie,,,0.052425
uk pop punk,,,0.052422222222222200
munich electronic,,,0.05207666666666670
coventry indie,,,0.052068611111111100
austrian dnb,,,0.05204
korean instrumental,,,0.05153527777777780
romanian pop,,,0.05142222222222220
romanian house,,,0.05142222222222220
bosnian electronic,,,0.0512475
western mass indie,,,0.05105194444444440
trinibad,,,0.05072111111111110
south african deep house,,,0.05039
dark progressive house,,,0.050126944444444400
focus trance,,,0.050126944444444400
deep progressive house,,,0.050126944444444400
chill drill,,,0.05011472222222220
belarusian indie,,,0.04986666666666670
russian trance,,,0.0496075
tribal house,,,0.04951638888888890
luxembourgian indie,,,0.04927694444444440
jazz clarinet,,,0.04898138888888890
scream rap,,,0.048709166666666700
punjabi hip hop,,,0.04866305555555560
punjabi pop,,,0.04866305555555560
string band,,,0.04844805555555560
idol,,,0.04782583333333330
japanese beats,,,0.0477675
lo star,,,0.04772222222222220
alternative pop,,,0.04740861111111110
triangle indie,,,0.04740861111111110
classical clarinet,,,0.04722222222222220
dominican indie,,,0.04668805555555560
british industrial,,,0.04663277777777780
proto-techno,,,0.04663277777777780
british experimental,,,0.04663277777777780
norrbotten indie,,,0.046574166666666700
wellington indie,,,0.0464475
seinen,,,0.04620361111111110
brazilian house,,,0.046197777777777800
deep motown,,,0.0459
gregorian dance,,,0.045725833333333300
slowed and reverb,,,0.04558972222222220
chinese electronic,,,0.04532722222222220
memphis phonk,,,0.04500083333333330
spanish electronic,,,0.044923055555555600
birmingham indie,,,0.04330055555555560
modern melodic hardcore,,,0.043110833333333300
urbano espanol,,,0.04296277777777780
hyperpop francais,,,0.04272444444444450
grand rapids indie,,,0.042444166666666700
deep dubstep,,,0.04227527777777780
minimal dubstep,,,0.04227527777777780
j-indie,,,0.04187444444444440
traditional country,,,0.04174055555555560
western swing,,,0.04174055555555560
cowboy western,,,0.04174055555555560
yodeling,,,0.04174055555555560
acoustic punk,,,0.040473888888888900
chamber folk,,,0.039218333333333300
brazilian rock,,,0.03900722222222220
jovem guarda,,,0.03900722222222220
italian contemporary classical,,,0.0387925
bossbeat,,,0.03845083333333330
dutch classical piano,,,0.03805555555555560
bay area hip hop,,,0.037623333333333300
bakersfield sound,,,0.03734805555555560
japanese guitar,,,0.03725388888888890
power-pop punk,,,0.036729444444444400
r&b en espanol,,,0.03650194444444440
swedish melodic rock,,,0.03647333333333330
historical keyboard,,,0.036229444444444400
melodic death metal,,,0.03588888888888890
gothenburg metal,,,0.03588888888888890
swedish metal,,,0.03588888888888890
swedish melodeath,,,0.03588888888888890
swedish death metal,,,0.03588888888888890
oratory,,,0.0356
canadian soundtrack,,,0.03557194444444450
korean electronic,,,0.034895
samba-jazz,,,0.03477611111111110
latin jazz,,,0.03477611111111110
laboratorio,,,0.03452583333333330
barockinterpreten,,,0.03437027777777780
chamber orchestra,,,0.03437027777777780
modern cello,,,0.03428222222222220
contemporary classical piano,,,0.03412222222222220
stockholm indie,,,0.03408527777777780
experimental synth,,,0.03328111111111110
czsk hip hop,,,0.0329725
dutch folk,,,0.0325925
jersey club,,,0.032515277777777800
g-house,,,0.03250138888888890
lithuanian edm,,,0.03250138888888890
opm,,,0.031048055555555600
classic opm,,,0.031048055555555600
experimental classical,,,0.030860833333333300
american orchestra,,,0.030859166666666700
orchestra,,,0.030859166666666700
breakcore,,,0.03003611111111110
violin,,,0.02869611111111110
german jazz rap,,,0.025721666666666700
hungarian underground rap,,,0.025563055555555600
italian library music,,,0.023241944444444400
new school turkce rap,,,0.020565555555555600
deconstructed club,,,0.018077222222222200
fluxwork,,,0.018077222222222200
canadian classical,,,0.017690555555555600
brazilian classical piano,,,0.016877777777777800
new england americana,,,0.016774166666666700